schema_version,run_id,repetition,trial_index,fault_name,configured_heartbeat_timeout_ms,command_delay_ms,acceptance_limit_ms,injection_monotonic_ns,fault_status_monotonic_ns,zero_output_monotonic_ns,fault_detection_latency_ms,zero_command_latency_ms,pre_fault_linear_x,observed_state,observed_active_faults,observed_latched_faults,trial_pass,failure_reason
1,20260927T131809Z,1,1,drop_commands,200.0,0,260.0,186960589499173,186960705677271,186960705515171,116.178098,116.015998,0.12,2,128,128,True,
1,20260927T131809Z,1,2,drop_states,200.0,0,260.0,186963832749906,186964032967599,186964032592555,200.217693,199.842649,0.12,2,128,128,True,
1,20260927T131809Z,1,3,command_delay,200.0,150,260.0,186966668604410,186966787981836,186966787863177,119.377426,119.258767,0.12,2,128,128,True,
1,20260927T131809Z,1,4,reboot,200.0,0,260.0,186969669862692,186969671759983,186969671398418,1.897291,1.535726,0.12,2,128,128,True,
1,20260927T131809Z,2,5,drop_commands,200.0,0,260.0,186972287707616,186972405833356,186972405646951,118.12574,117.939335,0.12,2,128,128,True,
1,20260927T131809Z,2,6,drop_states,200.0,0,260.0,186975045900501,186975245838684,186975245714717,199.938183,199.814216,0.12,2,128,128,True,
1,20260927T131809Z,2,7,command_delay,200.0,150,260.0,186977937241119,186978056579848,186978056410415,119.338729,119.169296,0.12,2,128,128,True,
1,20260927T131809Z,2,8,reboot,200.0,0,260.0,186990696030218,186990700672176,186990700323741,4.641958,4.293523,0.12,2,128,128,True,
1,20260927T131809Z,3,9,drop_commands,200.0,0,260.0,186993830209443,186993941033545,186993940846651,110.824102,110.637208,0.12,2,128,128,True,
1,20260927T131809Z,3,10,drop_states,200.0,0,260.0,186996576103259,186996796147500,186996796014802,220.044241,219.911543,0.12,2,128,128,True,
1,20260927T131809Z,3,11,command_delay,200.0,150,260.0,186999441663741,186999549283483,186999549112652,107.619742,107.448911,0.12,2,128,128,True,
1,20260927T131809Z,3,12,reboot,200.0,0,260.0,187002690866840,187002700033424,187002699828791,9.166584,8.961951,0.12,2,128,128,True,
