schema_version,run_id,repetition,trial_index,fault_name,expected_fault_bit,configured_timeout_ms,acceptance_limit_ms,injection_monotonic_ns,fault_status_monotonic_ns,zero_output_monotonic_ns,fault_detection_latency_ms,zero_command_latency_ms,pre_fault_linear_x,pre_fault_angular_z,observed_state,observed_active_faults,observed_latched_faults,observed_input_age_sec,zero_output_observed,reset_success,reset_message,trial_pass,failure_reason
1,20260927T100818Z,1,1,estop,1,0.0,40.0,175577800494589,175577800952658,175577801084292,0.458069,0.589703,0.0375,3.695487968968793e-07,3,1,1,0.019257716834545135,True,True,reset accepted,True,
1,20260927T100818Z,1,2,scan_timeout,4,500.0,540.0,175579100529309,175579520465666,175579520552214,419.936357,420.022905,0.0375,3.6954879689687877e-07,2,4,4,0.5001259446144104,True,True,reset accepted,True,
1,20260927T100818Z,1,3,odom_timeout,8,500.0,540.0,175580800477537,175581300554017,175581300640638,500.07648,500.163101,0.0375,0.001505690462362716,2,8,8,0.5028177499771118,True,True,reset accepted,True,
1,20260927T100818Z,1,4,nav2_timeout,16,1000.0,1040.0,175582602290943,175583560681689,175583560800630,958.390746,958.509687,0.0375,-0.003916119161903118,2,16,16,-1.0,True,True,reset accepted,True,
1,20260927T100818Z,2,5,estop,1,0.0,40.0,175584840732812,175584841496247,175584841610235,0.763435,0.877423,0.0375,-0.04090478344706553,3,1,1,0.019943755120038986,True,True,reset accepted,True,
1,20260927T100818Z,2,6,scan_timeout,4,500.0,540.0,175586140980492,175586620438520,175586620516771,479.458028,479.536279,0.0375,-0.046375898901586096,2,4,4,0.500492513179779,True,True,reset accepted,True,
1,20260927T100818Z,2,7,odom_timeout,8,500.0,540.0,175587900647418,175588400528875,175588400628069,499.881457,499.980651,0.0375,-0.034573126347939465,2,8,8,0.5025078654289246,True,True,reset accepted,True,
1,20260927T100818Z,2,8,nav2_timeout,16,1000.0,1040.0,175589702194398,175590560501628,175590560670352,858.30723,858.475954,0.0375,0.008010427956982974,2,16,16,-1.0,True,True,reset accepted,True,
1,20260927T100818Z,3,9,estop,1,0.0,40.0,175591840822849,175591841713820,175591841799685,0.890971,0.976836,0.0375,0.0309200834212215,3,1,1,0.019888203591108322,True,True,reset accepted,True,
1,20260927T100818Z,3,10,scan_timeout,4,500.0,540.0,175593140637178,175593640542403,175593640637205,499.905225,500.000027,0.0375,0.03195795424330867,2,4,4,0.5191221833229065,True,True,reset accepted,True,
1,20260927T100818Z,3,11,odom_timeout,8,500.0,540.0,175594940592442,175595440694804,175595440843013,500.102362,500.250571,0.0375,0.030403591077018503,2,8,8,0.5028865337371826,True,True,reset accepted,True,
1,20260927T100818Z,3,12,nav2_timeout,16,1000.0,1040.0,175596742760781,175597560444813,175597560554837,817.684032,817.794056,0.0375,-0.0058333790886006135,2,16,16,-1.0,True,True,reset accepted,True,
